meta_id,genus,species,mom_cnt,mom_newborn_pct,newborn_cnt,four_month_pct,four_month_cnt,yr_pct,yr_cnt
MS00001,Acidaminococcus,Acidaminococcus_D21,3,0.0000,0,0.0000,0,0.0000,4
MS00002,Acidaminococcus,Acidaminococcus_fermentans,0,0.0000,0,0.0000,0,0.0000,0
MS00003,Acidovorax,Acidovorax_delafieldii,0,0.0000,0,0.0000,0,0.0000,0
MS00004,Acidovorax,Acidovorax_ebreus,0,0.0000,0,0.0000,0,0.0000,0
MS00005,Acidovorax,Acidovorax_avenae/Acidovorax_citrulli,0,0.0000,0,0.0000,0,0.0000,0
MS00006,Actinobacillus,Actinobacillus_ureae,0,0.0000,1,0.0000,0,0.0000,1
MS00007,Actinobacillus,Actinobacillus_succinogenes,0,0.0000,0,0.0000,0,0.0000,0
MS00008,Actinobacillus,Actinobacillus_pleuropneumoniae,0,0.0000,0,0.0000,0,0.0000,0
MS00009,Actinobacillus,Actinobacillus_minor,0,0.0000,1,0.0000,0,0.0000,1
MS00010,Actinomyces,Actinomyces_urogenitalis,1,1.0000,1,1.0000,5,0.2000,1
MS00011,Actinomyces,Actinomyces_oral_taxon_178_F0338,0,0.0000,0,0.0000,1,0.0000,0
MS00012,Actinomyces,Actinomyces_oral_taxon_448_F0400,1,0.0000,0,0.0000,0,0.0000,0
MS00013,Actinomyces,Actinomyces_odontolyticus,8,0.3750,5,1.0000,14,0.6429,10
MS00014,Actinomyces,Actinomyces_viscosus/Actinomyces_oris,3,0.0000,0,0.0000,0,0.0000,1
MS00015,Aeromonas,Aeromonas_caviae,1,0.0000,0,0.0000,0,0.0000,0
MS00016,Aeromonas,Aeromonas_hydrophila,1,0.0000,0,0.0000,0,0.0000,0
MS00017,Aeromonas,Aeromonas_veronii,1,0.0000,0,0.0000,0,0.0000,0
MS00018,Aeromonas,Aeromonas_salmonicida,1,0.0000,0,0.0000,0,0.0000,0
MS00019,Aggregatibacter,Aggregatibacter_segnis,0,0.0000,3,0.0000,0,0.0000,2
MS00020,Aggregatibacter,Aggregatibacter_aphrophilus,0,0.0000,3,0.0000,0,0.0000,2
MS00021,Aggregatibacter,Aggregatibacter_actinomycetemcomitans,0,0.0000,1,0.0000,0,0.0000,0
MS00022,Akkermansia,Akkermansia_muciniphila,5,0.2000,1,1.0000,1,1.0000,6
MS00023,Alicycliphilus,Alicycliphilus_denitrificans,0,0.0000,0,0.0000,0,0.0000,0
MS00024,Alistipes,Alistipes_HGB5,13,0.0000,0,0.0000,0,0.0000,7
MS00025,Alistipes,Alistipes_putredinis,12,0.0000,0,0.0000,0,0.0000,3
MS00026,Anaerococcus,Anaerococcus_prevotii,1,0.0000,0,0.0000,0,0.0000,1
MS00027,Anaerococcus,Anaerococcus_lactolyticus,2,0.0000,1,1.0000,1,0.0000,2
MS00028,Anaerococcus,Anaerococcus_vaginalis,4,0.0000,0,0.0000,7,0.7143,8
MS00029,Anaerococcus,Anaerococcus_tetradius,1,0.0000,0,0.0000,0,0.0000,0
MS00030,Anaerococcus,Anaerococcus_hydrogenalis,1,0.0000,0,0.0000,1,0.0000,1
MS00031,Anaerostipes,Anaerostipes_caccae,1,0.0000,0,0.0000,4,1.0000,13
MS00032,Anaerotruncus,Anaerotruncus_colihominis,15,0.0000,0,0.0000,4,1.0000,15
MS00033,Arcobacter,Arcobacter_butzleri,0,0.0000,0,0.0000,0,0.0000,0
MS00034,Avibacterium,Avibacterium_paragallinarum,0,0.0000,0,0.0000,0,0.0000,0
MS00035,Azotobacter,Azotobacter_vinelandii,0,0.0000,0,0.0000,0,0.0000,0
MS00036,Bacteroides,Bacteroides_finegoldii,12,0.0000,0,0.0000,0,0.0000,3
MS00037,Bacteroides,Bacteroides_caccae,13,0.0000,0,0.0000,1,1.0000,5
MS00038,Bacteroides,Bacteroides_stercoris,11,0.0000,0,0.0000,1,1.0000,5
MS00039,Bacteroides,Bacteroides_coprocola,3,0.0000,0,0.0000,0,0.0000,2
MS00040,Bacteroides,Bacteroides_fluxus,1,0.0000,0,0.0000,0,0.0000,0
MS00041,Bacteroides,Bacteroides_clarus,5,0.0000,0,0.0000,0,0.0000,1
MS00042,Bacteroides,Bacteroides_coprophilus,4,0.0000,1,1.0000,1,1.0000,2
MS00043,Bacteroides,Bacteroides_salanitronis,5,0.0000,0,0.0000,0,0.0000,2
MS00044,Bacteroides,Bacteroides_pectinophilus,14,0.0000,0,0.0000,0,0.0000,8
MS00045,Bacteroides,Bacteroides_fragilis1,6,0.0000,0,0.0000,0,0.0000,2
MS00046,Bacteroides,Bacteroides_capillosus,14,0.0000,0,0.0000,2,1.0000,12
MS00047,Bacteroides,Bacteroides_plebeius,7,0.0000,1,1.0000,2,1.0000,5
MS00048,Bacteroides,Bacteroides_helcogenes,0,0.0000,0,0.0000,0,0.0000,0
MS00049,Bacteroides,Bacteroides_ovatus/Bacteroides_xylanisolvens,14,0.0000,0,0.0000,1,1.0000,9
MS00050,Bacteroides,Bacteroides_intestinalis/Bacteroides_cellulosilyticus,13,0.0769,1,0.0000,0,0.0000,6
MS00051,Bacteroides,Bacteroides_eggerthii,9,0.0000,0,0.0000,0,0.0000,3
MS00052,Bacteroides,Bacteroides_thetaiotaomicron,14,0.0000,0,0.0000,0,0.0000,4
MS00053,Bacteroides,Bacteroides_uniformis,13,0.0000,0,0.0000,3,1.0000,11
MS00054,Bacteroides,Bacteroides_fragilis2,12,0.0000,0,0.0000,3,0.6667,7
MS00055,Bacteroides,Bacteroides_vulgatus/Bacteroides_dorei,14,0.0000,0,0.0000,4,0.7500,8
MS00056,Bifidobacterium,Bifidobacterium_breve,2,0.5000,1,1.0000,6,0.0000,0
MS00057,Bifidobacterium,Bifidobacterium_gallicum,0,0.0000,0,0.0000,0,0.0000,0
MS00058,Bifidobacterium,Bifidobacterium_angulatum,2,0.0000,0,0.0000,0,0.0000,0
MS00059,Bifidobacterium,Bifidobacterium_longum,13,0.3077,4,0.5000,12,0.6667,10
MS00060,Bifidobacterium,Bifidobacterium_pseudocatenulatum/Bifidobacterium_catenulatum,11,0.0000,0,0.0000,3,0.6667,6
MS00061,Bifidobacterium,Bifidobacterium_adolescentis,12,0.0000,0,0.0000,2,1.0000,6
MS00062,Bifidobacterium,Bifidobacterium_bifidum,15,0.0667,1,1.0000,5,0.8000,12
MS00063,Bifidobacterium,Bifidobacterium_dentium,4,0.2500,2,0.5000,7,0.2857,4
MS00064,Bifidobacterium,Bifidobacterium_animalis,4,0.0000,2,1.0000,2,0.5000,2
MS00065,Bilophila,Bilophila_wadsworthia,12,0.0000,0,0.0000,0,0.0000,4
MS00066,Blautia,Blautia_hansenii,15,0.0000,0,0.0000,2,1.0000,14
MS00067,Blautia,Blautia_hydrogenotrophica,10,0.0000,0,0.0000,0,0.0000,1
MS00068,Brachyspira,Brachyspira_pilosicoli,0,0.0000,0,0.0000,0,0.0000,0
MS00069,Brachyspira,Brachyspira_hyodysenteriae,0,0.0000,0,0.0000,0,0.0000,0
MS00070,Brevundimonas,Brevundimonas_diminuta,0,0.0000,0,0.0000,1,0.0000,0
MS00071,Bryantella,Bryantella_formatexigens,9,0.0000,0,0.0000,1,1.0000,5
MS00072,Butyrivibrio,Butyrivibrio_crossotus,11,0.0909,1,1.0000,2,1.0000,11
MS00073,Campylobacter,Campylobacter_gracilis,0,0.0000,0,0.0000,2,0.5000,1
MS00074,Campylobacter,Campylobacter_lari,0,0.0000,0,0.0000,0,0.0000,0
MS00075,Campylobacter,Campylobacter_hominis,1,0.0000,0,0.0000,0,0.0000,1
MS00076,Campylobacter,Campylobacter_coli/Campylobacter_jejuni,1,0.0000,0,0.0000,0,0.0000,0
MS00077,Campylobacter,Campylobacter_upsaliensis,0,0.0000,0,0.0000,0,0.0000,0
MS00078,Capnocytophaga/Paraprevotella,Paraprevotella_xylaniphila,5,0.0000,0,0.0000,1,1.0000,4
MS00079,Catenibacterium,Catenibacterium_mitsuokai,1,0.0000,0,0.0000,0,0.0000,0
MS00080,Chryseobacterium,Chryseobacterium_gleum,0,0.0000,0,0.0000,0,0.0000,0
MS00081,Citrobacter,Citrobacter_koseri,1,1.0000,1,0.0000,2,0.0000,2
MS00082,Citrobacter,Citrobacter_youngae,1,0.0000,0,0.0000,3,0.3333,4
MS00083,Citrobacter,Citrobacter_rodentium,0,0.0000,0,0.0000,1,0.0000,0
MS00084,Citrobacter,Citrobacter_30_2,7,0.1429,3,1.0000,7,0.4286,5
MS00085,Clostridiales,Clostridiales_bacterium_1_7_47FAA,9,0.0000,0,0.0000,3,1.0000,12
MS00086,Clostridium,Clostridium_bolteae,12,0.0000,0,0.0000,6,1.0000,15
MS00087,Clostridium,Clostridium_bartlettii,10,0.1000,1,0.0000,6,0.8333,13
MS00088,Clostridium,Clostridium_asparagiforme,14,0.0714,1,1.0000,2,1.0000,9
MS00089,Clostridium,Clostridium_saccharolyticum,8,0.0000,0,0.0000,0,0.0000,0
MS00090,Clostridium,Clostridium_scindens,10,0.0000,0,0.0000,1,1.0000,6
MS00091,Clostridium,Clostridium_leptum,13,0.0000,0,0.0000,0,0.0000,4
MS00092,Clostridium,Clostridium_lentocellum,0,0.0000,0,0.0000,0,0.0000,3
MS00093,Clostridium,Clostridium_carboxidivorans,0,0.0000,0,0.0000,0,0.0000,0
MS00094,Clostridium,Clostridium_M62_1,15,0.0000,0,0.0000,2,1.0000,13
MS00095,Clostridium,Clostridium_hathewayi,8,0.0000,0,0.0000,1,1.0000,7
MS00096,Clostridium,Clostridium_nexile,15,0.0667,1,1.0000,5,1.0000,15
MS00097,Clostridium,Clostridium_L2_50,13,0.0000,1,1.0000,3,1.0000,10
MS00098,Clostridium,Clostridium_spiroforme,6,0.0000,0,0.0000,1,1.0000,6
MS00099,Clostridium,Clostridium_SS2_1/Lachnospiraceae_bacterium_5_1_63FAA,13,0.0000,0,0.0000,1,1.0000,9
MS00100,Clostridium,Clostridium_HGF2,15,0.1333,2,1.0000,8,0.8750,13
MS00101,Clostridium,Clostridium_methylpentosum,8,0.0000,0,0.0000,2,0.0000,6
MS00102,Clostridium,Clostridium_D5,6,0.0000,0,0.0000,3,1.0000,7
MS00103,Clostridium,Clostridium_SY8519,2,0.0000,0,0.0000,0,0.0000,0
MS00104,Clostridium,Clostridium_hiranonis,0,0.0000,0,0.0000,0,0.0000,0
MS00105,Clostridium,Clostridium_hylemonae,3,0.0000,0,0.0000,0,0.0000,2
MS00106,Clostridium/Coprobacillus,Clostridium_ramosum,5,0.2000,2,1.0000,8,0.7500,13
MS00107,Clostridium,Clostridium_botulinum/Clostridium_tetani/Clostridium_sporogenes,0,0.0000,0,0.0000,1,0.0000,0
MS00108,Clostridium,Clostridium_difficile,7,0.1429,1,1.0000,5,0.6000,9
MS00109,Clostridium,Clostridium_symbiosum,14,0.0714,1,1.0000,8,1.0000,14
MS00110,Clostridium,Clostridium_botulinum/Clostridium_novyi,0,0.0000,0,0.0000,0,0.0000,0
MS00111,Clostridium,Clostridium_botulinum/Clostridium_beijerinckii/Clostridium_butyricum,8,0.6250,5,0.6000,10,0.9000,14
MS00112,Clostridium,Clostridium_perfringens,1,1.0000,2,0.0000,4,0.0000,0
MS00113,Collinsella,Collinsella_aerofaciens,13,0.0769,1,0.0000,5,0.6000,9
MS00114,Collinsella,Collinsella_stercoris/Collinsella_intestinalis,6,0.0000,0,0.0000,1,1.0000,2
MS00115,Comamonas,Comamonas_testosteroni,0,0.0000,0,0.0000,0,0.0000,0
MS00116,Coprobacillus,Coprobacillus_29_1,11,0.0000,0,0.0000,1,1.0000,9
MS00117,Coprococcus,Coprococcus_eutactus,11,0.0000,0,0.0000,0,0.0000,2
MS00118,Coprococcus,Coprococcus_comes,14,0.0000,0,0.0000,2,0.0000,11
MS00119,Coriobacterium,Coriobacterium_glomerans,0,0.0000,0,0.0000,0,0.0000,0
MS00120,Cronobacter,Cronobacter_turicensis/Cronobacter_sakazakii,0,0.0000,0,0.0000,0,0.0000,1
MS00121,Delftia,Delftia_acidovorans,0,0.0000,0,0.0000,1,0.0000,0
MS00122,Desulfovibrio,Desulfovibrio_vulgaris,0,0.0000,0,0.0000,0,0.0000,0
MS00123,Desulfovibrio,Desulfovibrio_piger,3,0.0000,0,0.0000,0,0.0000,1
MS00124,Desulfovibrio,Desulfovibrio_desulfuricans,0,0.0000,0,0.0000,0,0.0000,0
MS00125,Desulfovibrio,Desulfovibrio_desulfuricans,0,0.0000,0,0.0000,0,0.0000,0
MS00126,Desulfovibrio,Desulfovibrio_3_1_syn3,1,0.0000,0,0.0000,0,0.0000,0
MS00127,Dialister,Dialister_invisus,12,0.0000,0,0.0000,0,0.0000,5
MS00128,Dialister,Dialister_micraerophilus,2,0.0000,0,0.0000,0,0.0000,2
MS00129,Dickeya,Dickeya_dadantii,0,0.0000,0,0.0000,0,0.0000,0
MS00130,Dickeya,Dickeya_zeae,0,0.0000,0,0.0000,0,0.0000,0
MS00131,Dickeya,Dickeya_dadantii,0,0.0000,0,0.0000,0,0.0000,0
MS00132,Dickeya,Dickeya_dadantii,0,0.0000,0,0.0000,0,0.0000,0
MS00133,Dorea,Dorea_longicatena,13,0.0000,0,0.0000,0,0.0000,6
MS00134,Dorea,Dorea_formicigenerans,14,0.0000,0,0.0000,0,0.0000,10
MS00135,Edwardsiella,Edwardsiella_tarda,0,0.0000,0,0.0000,0,0.0000,0
MS00136,Edwardsiella,Edwardsiella_ictaluri/Edwardsiella_tarda,0,0.0000,0,0.0000,0,0.0000,0
MS00137,Eggerthella,Eggerthella_YY7918,6,0.0000,0,0.0000,1,0.0000,4
MS00138,Eggerthella,Eggerthella_lenta,13,0.0769,1,1.0000,9,1.0000,14
MS00139,Eikenella,Eikenella_corrodens,0,0.0000,1,0.0000,0,0.0000,2
MS00140,Enterobacter,Enterobacter_cloacae,1,0.0000,1,1.0000,5,1.0000,7
MS00141,Enterobacter,Enterobacter_638,0,0.0000,0,0.0000,0,0.0000,1
MS00142,Enterobacter,Enterobacter_aerogenes,1,1.0000,1,1.0000,1,0.0000,1
MS00143,Enterobacter,Enterobacter_cloacae,0,0.0000,0,0.0000,2,0.0000,1
MS00144,Enterobacter,Enterobacter_hormaechei/Enterobacter_cancerogenus,4,0.0000,3,0.6667,8,0.7500,9
MS00145,Enterobacteriaceae,Enterobacteriaceae_bacterium_9_2_54FAA,0,0.0000,0,0.0000,0,0.0000,0
MS00146,Enterococcus,Enterococcus_italicus,0,0.0000,0,0.0000,2,0.0000,0
MS00147,Enterococcus,Enterococcus_gallinarum,0,0.0000,0,0.0000,2,0.0000,3
MS00148,Enterococcus,Enterococcus_faecium,1,0.0000,0,0.0000,2,0.0000,1
MS00149,Enterococcus,Enterococcus_faecalis,2,0.5000,8,0.8750,11,0.0000,1
MS00150,Enterococcus,Enterococcus_casseliflavus,1,0.0000,0,0.0000,8,0.1250,3
MS00151,Erwinia,Erwinia_tasmaniensis,0,0.0000,0,0.0000,0,0.0000,0
MS00152,Erwinia,Erwinia_billingiae,0,0.0000,0,0.0000,0,0.0000,0
MS00153,Erwinia,Erwinia_amylovora/Erwinia_pyrifoliae,0,0.0000,0,0.0000,0,0.0000,0
MS00154,Erysipelotrichaceae,Erysipelotrichaceae_bacterium_3_1_53,11,0.0000,0,0.0000,1,0.0000,6
MS00155,Erysipelotrichaceae,Erysipelotrichaceae_bacterium_5_2_54FAA,14,0.0000,0,0.0000,0,0.0000,7
MS00156,Escherichia,Escherichia_fergusonii,8,0.0000,1,0.0000,2,0.0000,1
MS00157,Escherichia,Escherichia_albertii,6,0.0000,2,1.0000,7,0.1429,3
MS00158,Escherichia/Shigella,Escherichia_coli/Shigella_sonnei/Shigella_boydii/Shigella_dysenteriae/Shigella_flexneri,13,0.2308,4,1.0000,11,0.9091,12
MS00159,Eubacterium,Eubacterium_hallii,13,0.0000,0,0.0000,0,0.0000,5
MS00160,Eubacterium,Eubacterium_eligens,12,0.0000,0,0.0000,0,0.0000,9
MS00161,Eubacterium,Eubacterium_biforme,14,0.0000,0,0.0000,0,0.0000,8
MS00162,Eubacterium,Eubacterium_limosum,2,0.0000,0,0.0000,0,0.0000,1
MS00163,Eubacterium,Eubacterium_dolichum,13,0.0769,1,1.0000,2,0.5000,11
MS00164,Eubacterium,Eubacterium_ventriosum,14,0.0000,0,0.0000,0,0.0000,11
MS00165,Eubacterium,Eubacterium_rectale,13,0.0000,0,0.0000,0,0.0000,7
MS00166,Eubacterium,Eubacterium_siraeum,9,0.0000,0,0.0000,0,0.0000,2
MS00167,Faecalibacterium,Faecalibacterium_cf,15,0.0000,0,0.0000,0,0.0000,10
MS00168,Faecalibacterium,Faecalibacterium_prausnitzii1,15,0.0000,0,0.0000,0,0.0000,12
MS00169,Faecalibacterium,Faecalibacterium_prausnitzii2,15,0.0667,1,0.0000,1,1.0000,13
MS00170,Finegoldia,Finegoldia_magna,3,0.0000,1,0.0000,6,0.5000,5
MS00171,Fusobacterium,Fusobacterium_D12,0,0.0000,0,0.0000,0,0.0000,0
MS00172,Fusobacterium,Fusobacterium_mortiferum,0,0.0000,0,0.0000,0,0.0000,0
MS00173,Fusobacterium,Fusobacterium_periodonticum/Fusobacterium_nucleatum,0,0.0000,0,0.0000,3,0.3333,3
MS00174,Fusobacterium,Fusobacterium_varium/Fusobacterium_ulcerans,0,0.0000,0,0.0000,0,0.0000,0
MS00175,Fusobacterium,Fusobacterium_gonidiaformans,0,0.0000,0,0.0000,0,0.0000,0
MS00176,Gallibacterium,Gallibacterium_anatis,0,0.0000,0,0.0000,0,0.0000,0
MS00177,Gardnerella,Gardnerella_vaginalis,1,0.0000,0,0.0000,0,0.0000,0
MS00178,Gardnerella,Gardnerella_vaginalis,1,0.0000,0,0.0000,0,0.0000,0
MS00179,Gemella,Gemella_moribillum/Gemella_haemolysans/Gemella_sanguinis,2,1.0000,12,0.6667,9,0.4444,8
MS00180,Granulicatella,Granulicatella_adiacens,9,0.2222,2,1.0000,10,0.6000,10
MS00181,Granulicatella,Granulicatella_elegans,0,0.0000,2,0.5000,7,0.2857,4
MS00182,Haemophilus,Haemophilus_parainfluenzae,9,0.8889,13,0.5385,8,0.6250,10
MS00183,Haemophilus,Haemophilus_ducreyi,0,0.0000,0,0.0000,0,0.0000,0
MS00184,Haemophilus,Haemophilus_aegyptius/Haemophilus_influenzae/Haemophilus_haemolyticus,1,1.0000,7,0.2857,4,0.2500,3
MS00185,Haemophilus,Haemophilus_parasuis,0,0.0000,0,0.0000,0,0.0000,0
MS00186,Haemophilus,Haemophilus_somnus,0,0.0000,0,0.0000,0,0.0000,0
MS00187,Holdemania,Holdemania_filiformis,13,0.0000,0,0.0000,0,0.0000,5
MS00188,Kingella,Kingella_kingae,0,0.0000,0,0.0000,0,0.0000,0
MS00189,Kingella,Kingella_oralis,0,0.0000,0,0.0000,0,0.0000,0
MS00190,Kingella,Kingella_denitrificans,0,0.0000,1,0.0000,0,0.0000,0
MS00191,Klebsiella,Klebsiella_pneumoniae/Klebsiella_variicola,1,0.0000,3,1.0000,4,0.0000,4
MS00192,Kocuria,Kocuria_rhizophila,0,0.0000,0,0.0000,0,0.0000,0
MS00193,Lachnospiraceae,Lachnospiraceae_bacterium_2_1_46FAA,0,0.0000,0,0.0000,1,1.0000,3
MS00194,Lachnospiraceae,Lachnospiraceae_bacterium_1_4_56FAA,9,0.0000,0,0.0000,1,1.0000,12
MS00195,Lachnospiraceae,Lachnospiraceae_bacterium_4_1_37FAA/Lachnospiraceae_bacterium_9_1_43BFAA,6,0.0000,1,0.0000,1,1.0000,11
MS00196,Lactobacillus,Lactobacillus_kefiranofaciens,0,0.0000,0,0.0000,0,0.0000,0
MS00197,Lactobacillus,Lactobacillus_coleohominis,0,0.0000,0,0.0000,0,0.0000,0
MS00198,Lactobacillus,Lactobacillus_salivarius,0,0.0000,1,0.0000,1,0.0000,0
MS00199,Lactobacillus,Lactobacillus_oris,0,0.0000,1,1.0000,2,0.0000,0
MS00200,Lactobacillus,Lactobacillus_antri,0,0.0000,0,0.0000,1,0.0000,0
MS00201,Lactobacillus,Lactobacillus_amylolyticus,0,0.0000,0,0.0000,0,0.0000,0
MS00202,Lactobacillus,Lactobacillus_vaginalis,0,0.0000,0,0.0000,0,0.0000,0
MS00203,Lactobacillus,Lactobacillus_helveticus/Lactobacillus_ultunensis/Lactobacillus_acidophilus/Lactobacillus_crispatus,5,0.0000,0,0.0000,0,0.0000,1
MS00204,Lactobacillus,Lactobacillus_iners,1,0.0000,0,0.0000,0,0.0000,0
MS00205,Lactobacillus,Lactobacillus_amylovorus/Lactobacillus_acidophilus,1,0.0000,0,0.0000,0,0.0000,0
MS00206,Lactobacillus,Lactobacillus_ruminis,1,0.0000,0,0.0000,0,0.0000,0
MS00207,Lactobacillus,Lactobacillus_fermentum,1,0.0000,1,0.0000,0,0.0000,0
MS00208,Lactobacillus,Lactobacillus_plantarum,2,0.0000,0,0.0000,1,0.0000,1
MS00209,Lactobacillus,Lactobacillus_delbrueckii,7,0.0000,0,0.0000,0,0.0000,1
MS00210,Lactobacillus,Lactobacillus_rhamnosus,1,0.0000,2,0.5000,7,0.0000,0
MS00211,Lactobacillus,Lactobacillus_paracasei/Lactobacillus_casei,2,0.0000,1,0.0000,5,0.0000,0
MS00212,Lactobacillus,Lactobacillus_jensenii,0,0.0000,0,0.0000,0,0.0000,0
MS00213,Lactobacillus,Lactobacillus_reuteri,1,0.0000,0,0.0000,1,0.0000,0
MS00214,Lactobacillus,Lactobacillus_johnsonii/Lactobacillus_gasseri,1,0.0000,0,0.0000,3,0.0000,0
MS00215,Lactococcus,Lactococcus_lactis,8,0.0000,0,0.0000,1,1.0000,5
MS00216,Leuconostoc,Leuconostoc_citreum,1,0.0000,0,0.0000,1,0.0000,3
MS00217,Leuconostoc,Leuconostoc_mesenteroides,9,0.0000,0,0.0000,0,0.0000,3
MS00218,Leuconostoc,Leuconostoc_lactis/Leuconostoc_argentinum,1,0.0000,0,0.0000,0,0.0000,3
MS00219,Lysinibacillus/Bacillus,Lysinibacillus_fusiformis/Lysinibacillus_sphaericus,0,0.0000,0,0.0000,0,0.0000,0
MS00220,Macrococcus,Macrococcus_caseolyticus,0,0.0000,0,0.0000,1,1.0000,2
MS00221,Mannheimia,Mannheimia_succiniciproducens,0,0.0000,0,0.0000,0,0.0000,0
MS00222,Mannheimia,Mannheimia_haemolytica,0,0.0000,0,0.0000,0,0.0000,0
MS00223,Megasphaera,Megasphaera_micronuciformis,1,0.0000,0,0.0000,3,0.0000,1
MS00224,Megasphaera,Megasphaera_UPII_135_E,1,0.0000,0,0.0000,0,0.0000,0
MS00225,Megasphaera,Megasphaera_UPII_199_6/Megasphaera_genomosp__type_1_28L,1,0.0000,0,0.0000,1,0.0000,0
MS00226,Melissococcus,Melissococcus_plutonius,0,0.0000,0,0.0000,0,0.0000,0
MS00227,Methanobrevibacter,Methanobrevibacter_smithii,6,0.0000,0,0.0000,0,0.0000,1
MS00228,Methanosphaera,Methanosphaera_stadtmanae,1,0.0000,0,0.0000,0,0.0000,0
MS00229,Micrococcus,Micrococcus_luteus,0,0.0000,0,0.0000,0,0.0000,0
MS00230,Mitsuokella,Mitsuokella_multacida,0,0.0000,0,0.0000,0,0.0000,0
MS00231,Mobiluncus,Mobiluncus_curtisii,1,0.0000,0,0.0000,2,0.0000,0
MS00232,Neisseria,Neisseria_elongata,0,0.0000,1,0.0000,0,0.0000,0
MS00233,Neisseria,Neisseria_oral_taxon_014_F0314,0,0.0000,0,0.0000,0,0.0000,0
MS00234,Neisseria,Neisseria_bacilliformis,0,0.0000,0,0.0000,0,0.0000,0
MS00235,Neisseria,Neisseria_cinerea,0,0.0000,3,0.0000,0,0.0000,1
MS00236,Neisseria,Neisseria_meningitidis/Neisseria_polysaccharea/Neisseria_gonorrhoeae/Neisseria_lactamica,0,0.0000,2,0.0000,0,0.0000,0
MS00237,Neisseria,Neisseria_mucosa/Neisseria_macacae/Neisseria_sicca,0,0.0000,0,0.0000,0,0.0000,1
MS00238,Neisseria,Neisseria_mucosa/Neisseria_subflava/Neisseria_flavescens,0,0.0000,3,0.0000,0,0.0000,3
MS00239,Odoribacter,Odoribacter_splanchnicus,11,0.0000,0,0.0000,1,1.0000,3
MS00240,Olsenella,Olsenella_uli,0,0.0000,0,0.0000,2,0.0000,0
MS00241,Pantoea,Pantoea_ananatis,0,0.0000,0,0.0000,0,0.0000,0
MS00242,Pantoea,Pantoea_At_9b,0,0.0000,0,0.0000,0,0.0000,0
MS00243,Pantoea,Pantoea_vagans,0,0.0000,0,0.0000,0,0.0000,0
MS00244,Parabacteroides,Parabacteroides_johnsonii/Parabacteroides_merdae,11,0.0000,0,0.0000,4,0.5000,3
MS00245,Parabacteroides/Bacteroides,Parabacteroides_distasonis,13,0.0000,0,0.0000,2,1.0000,9
MS00246,Parascardovia,Parascardovia_denticolens,0,0.0000,0,0.0000,0,0.0000,0
MS00247,Parasutterella,Parasutterella_excrementihominis,8,0.0000,0,0.0000,0,0.0000,5
MS00248,Pasteurella,Pasteurella_multocida,0,0.0000,0,0.0000,0,0.0000,0
MS00249,Pasteurella,Pasteurella_dagmatis,0,0.0000,0,0.0000,0,0.0000,0
MS00250,Pectobacterium,Pectobacterium_atrosepticum/Pectobacterium_wasabiae,0,0.0000,0,0.0000,0,0.0000,0
MS00251,Pectobacterium,Pectobacterium_carotovorum,0,0.0000,0,0.0000,0,0.0000,0
MS00252,Peptoniphilus,Peptoniphilus_harei,4,0.0000,0,0.0000,2,0.5000,3
MS00253,Peptoniphilus,Peptoniphilus_duerdenii,2,0.0000,0,0.0000,2,0.0000,3
MS00254,Peptoniphilus,Peptoniphilus_oral_taxon_375_F0436,2,0.0000,0,0.0000,1,0.0000,0
MS00255,Peptoniphilus,Peptoniphilus_oral_taxon_386_F0131,0,0.0000,0,0.0000,0,0.0000,0
MS00256,Peptoniphilus,Peptoniphilus_lacrimalis,2,0.0000,0,0.0000,2,0.0000,3
MS00257,Peptostreptococcus,Peptostreptococcus_stomatis,0,0.0000,0,0.0000,0,0.0000,1
MS00258,Peptostreptococcus,Peptostreptococcus_anaerobius,5,0.0000,0,0.0000,2,0.5000,2
MS00259,Phascolarctobacterium,Phascolarctobacterium_YIT_12067,8,0.0000,0,0.0000,0,0.0000,1
MS00260,Photorhabdus,Photorhabdus_asymbiotica,0,0.0000,0,0.0000,0,0.0000,0
MS00261,Photorhabdus,Photorhabdus_luminescens,0,0.0000,0,0.0000,0,0.0000,0
MS00262,Plautia,Plautia_stali,0,0.0000,0,0.0000,0,0.0000,0
MS00263,Porphyromonas,Porphyromonas_uenonis,1,0.0000,0,0.0000,2,0.5000,4
MS00264,Porphyromonas,Porphyromonas_asaccharolytica,2,0.0000,0,0.0000,1,1.0000,3
MS00265,Prevotella,Prevotella_disiens,2,0.0000,0,0.0000,1,0.0000,5
MS00266,Prevotella,Prevotella_bivia,3,0.0000,0,0.0000,2,1.0000,4
MS00267,Prevotella,Prevotella_multiformis,1,0.0000,0,0.0000,0,0.0000,2
MS00268,Prevotella,Prevotella_salivae,0,0.0000,0,0.0000,0,0.0000,1
MS00269,Prevotella,Prevotella_amnii,2,0.0000,0,0.0000,0,0.0000,3
MS00270,Prevotella,Prevotella_veroralis,0,0.0000,0,0.0000,0,0.0000,2
MS00271,Prevotella,Prevotella_buccalis,2,0.0000,0,0.0000,2,0.5000,6
MS00272,Prevotella,Prevotella_oral_taxon_299_F0039,1,0.0000,0,0.0000,0,0.0000,2
MS00273,Prevotella,Prevotella_timonensis,3,0.0000,0,0.0000,3,0.6667,7
MS00274,Prevotella,Prevotella_pallens,1,0.0000,0,0.0000,0,0.0000,3
MS00275,Prevotella,Prevotella_multisaccharivorax,0,0.0000,0,0.0000,0,0.0000,0
MS00276,Prevotella,Prevotella_copri,5,0.0000,1,1.0000,1,1.0000,3
MS00277,Prevotella,Prevotella_dentalis,0,0.0000,0,0.0000,0,0.0000,1
MS00278,Prevotella,Prevotella_marshii,0,0.0000,0,0.0000,0,0.0000,2
MS00279,Prevotella,Prevotella_tannerae,0,0.0000,0,0.0000,0,0.0000,2
MS00280,Prevotella,Prevotella_nigrescens,2,0.0000,0,0.0000,0,0.0000,2
MS00281,Prevotella,Prevotella_bergensis,2,0.0000,0,0.0000,0,0.0000,5
MS00282,Prevotella,Prevotella_oris,0,0.0000,0,0.0000,0,0.0000,3
MS00283,Prevotella,Prevotella_denticola,1,0.0000,0,0.0000,0,0.0000,2
MS00284,Prevotella,Prevotella_melaninogenica,1,0.0000,0,0.0000,0,0.0000,2
MS00285,Prevotella,Prevotella_buccae,3,0.0000,1,1.0000,1,0.0000,3
MS00286,Propionibacterium,Propionibacterium_freudenreichii,1,0.0000,0,0.0000,0,0.0000,1
MS00287,Propionibacterium,Propionibacterium_acnes,0,0.0000,5,0.4000,3,0.0000,0
MS00288,Proteus,Proteus_penneri,0,0.0000,1,1.0000,1,0.0000,0
MS00289,Proteus,Proteus_mirabilis,2,0.5000,1,1.0000,2,0.0000,2
MS00290,Providencia,Providencia_stuartii,0,0.0000,0,0.0000,0,0.0000,0
MS00291,Providencia,Providencia_alcalifaciens,0,0.0000,0,0.0000,0,0.0000,0
MS00292,Providencia,Providencia_rettgeri,0,0.0000,0,0.0000,1,0.0000,0
MS00293,Providencia,Providencia_rustigianii,0,0.0000,0,0.0000,0,0.0000,0
MS00294,Pseudomonas,Pseudomonas_entomophila,0,0.0000,0,0.0000,0,0.0000,0
MS00295,Pseudomonas,Pseudomonas_putida,0,0.0000,0,0.0000,0,0.0000,0
MS00296,Pseudomonas,Pseudomonas_mendocina/Pseudomonas_fulva/Pseudomonas_stutzeri,0,0.0000,0,0.0000,0,0.0000,0
MS00297,Pseudomonas,Pseudomonas_aeruginosa,0,0.0000,0,0.0000,0,0.0000,1
MS00298,Pseudoxanthomonas,Pseudoxanthomonas_suwonensis,0,0.0000,0,0.0000,0,0.0000,0
MS00299,Rahnella,Rahnella_Y9602,0,0.0000,0,0.0000,0,0.0000,0
MS00300,Roseburia,Roseburia_intestinalis,13,0.0000,0,0.0000,2,0.5000,13
MS00301,Roseburia,Roseburia_inulinivorans,14,0.0000,0,0.0000,1,1.0000,14
MS00302,Rothia,Rothia_mucilaginosa,6,0.6667,11,0.6364,9,0.1111,5
MS00303,Rothia,Rothia_dentocariosa,2,0.0000,0,0.0000,0,0.0000,0
MS00304,Ruminococcaceae,Ruminococcaceae_bacterium_D16,14,0.0000,0,0.0000,4,1.0000,15
MS00305,Ruminococcus,Ruminococcus_gnavus,15,0.0667,1,1.0000,7,1.0000,15
MS00306,Ruminococcus,Ruminococcus_5_1_39BFAA,15,0.1333,2,1.0000,5,1.0000,15
MS00307,Ruminococcus,Ruminococcus_torques,13,0.0000,0,0.0000,2,1.0000,13
MS00308,Ruminococcus,Ruminococcus_flavefaciens,2,0.0000,0,0.0000,0,0.0000,1
MS00309,Ruminococcus,Ruminococcus_lactaris,12,0.0000,0,0.0000,1,0.0000,5
MS00310,Ruminococcus,Ruminococcus_obeum,13,0.0000,0,0.0000,0,0.0000,11
MS00311,Ruminococcus,Ruminococcus_albus,1,0.0000,0,0.0000,0,0.0000,0
MS00312,Ruminococcus,Ruminococcus_albus,0,0.0000,0,0.0000,0,0.0000,0
MS00313,Salmonella,Salmonella_bongori,0,0.0000,0,0.0000,0,0.0000,0
MS00314,Salmonella,Salmonella_enterica,0,0.0000,0,0.0000,0,0.0000,0
MS00315,Serratia,Serratia_symbiotica,0,0.0000,0,0.0000,0,0.0000,0
MS00316,Serratia,Serratia_proteamaculans,0,0.0000,0,0.0000,0,0.0000,0
MS00317,Serratia,Serratia_odorifera,0,0.0000,0,0.0000,0,0.0000,0
MS00318,Slackia,Slackia_exigua,1,0.0000,0,0.0000,0,0.0000,2
MS00319,Slackia,Slackia_heliotrinireducens,0,0.0000,0,0.0000,0,0.0000,0
MS00320,Sodalis,Sodalis_glossinidius,0,0.0000,0,0.0000,0,0.0000,0
MS00321,Staphylococcus,Staphylococcus_pseudintermedius,0,0.0000,0,0.0000,0,0.0000,0
MS00322,Staphylococcus,Staphylococcus_carnosus,0,0.0000,0,0.0000,0,0.0000,0
MS00323,Staphylococcus,Staphylococcus_warneri/Staphylococcus_epidermidis/Staphylococcus_caprae/Staphylococcus_hominis/Staphylococcus_haemolyticus/Staphylococcus_capitis,2,1.0000,14,0.2857,4,0.5000,2
MS00324,Staphylococcus,Staphylococcus_saprophyticus/Staphylococcus_lugdunensis/Staphylococcus_aureus,4,1.0000,12,0.9167,14,0.2143,3
MS00325,Stenotrophomonas,Stenotrophomonas_maltophilia,0,0.0000,0,0.0000,1,0.0000,0
MS00326,Streptococcus,Streptococcus_dysgalactiae,0,0.0000,1,0.0000,0,0.0000,0
MS00327,Streptococcus,Streptococcus_macacae,0,0.0000,0,0.0000,0,0.0000,0
MS00328,Streptococcus,Streptococcus_infantis,4,1.0000,10,0.6000,9,0.5556,7
MS00329,Streptococcus,Streptococcus_downei,0,0.0000,0,0.0000,0,0.0000,0
MS00330,Streptococcus,Streptococcus_cristatus,0,0.0000,4,0.0000,0,0.0000,0
MS00331,Streptococcus,Streptococcus_criceti,0,0.0000,0,0.0000,0,0.0000,0
MS00332,Streptococcus,Streptococcus_oral_taxon_056_F0418,0,0.0000,2,0.0000,0,0.0000,0
MS00333,Streptococcus,Streptococcus_uberis,0,0.0000,0,0.0000,0,0.0000,0
MS00334,Streptococcus,Streptococcus_australis,9,0.4444,9,0.2222,5,0.8000,12
MS00335,Streptococcus,Streptococcus_sanguinis/Streptococcus_oralis/Streptococcus_mitis,2,1.0000,12,0.8333,13,0.2308,3
MS00336,Streptococcus,Streptococcus_pyogenes/Streptococcus_ictaluri,1,0.0000,1,0.0000,0,0.0000,0
MS00337,Streptococcus,Streptococcus_equinus/Streptococcus_infantarius,0,0.0000,0,0.0000,2,0.0000,0
MS00338,Streptococcus,Streptococcus_porcinus/Streptococcus_pseudoporcinus,2,0.5000,2,0.0000,1,0.0000,0
MS00339,Streptococcus,Streptococcus_sanguinis,8,0.2500,2,0.0000,0,0.0000,0
MS00340,Streptococcus,Streptococcus_gordonii,0,0.0000,2,0.0000,0,0.0000,1
MS00341,Streptococcus,Streptococcus_mutans,6,0.1667,1,0.0000,0,0.0000,0
MS00342,Streptococcus,Streptococcus_urinalis/Streptococcus_parauberis,0,0.0000,1,0.0000,0,0.0000,0
MS00343,Streptococcus,Streptococcus_anginosus,6,0.1667,4,0.2500,2,0.5000,1
MS00344,Streptococcus,Streptococcus_parasanguinis,14,0.7143,11,0.6364,10,0.6000,9
MS00345,Streptococcus,Streptococcus_equi,0,0.0000,0,0.0000,0,0.0000,0
MS00346,Streptococcus,Streptococcus_vestibularis/Streptococcus_salivarius,14,0.7143,11,0.7273,9,0.8889,10
MS00347,Streptococcus,Streptococcus_pneumoniae/Streptococcus_pseudopneumoniae,1,1.0000,9,0.4444,7,0.0000,0
MS00348,Streptococcus,Streptococcus_bovis/Streptococcus_pasteurianus/Streptococcus_gallolyticus,1,0.0000,0,0.0000,0,0.0000,0
MS00349,Streptococcus,Streptococcus_thermophilus/Streptococcus_infantis/Streptococcus_peroris,14,0.6429,10,1.0000,15,0.7333,11
MS00350,Streptococcus,Streptococcus_agalactiae,0,0.0000,4,0.5000,3,0.0000,1
MS00351,Streptococcus,Streptococcus_suis,0,0.0000,1,0.0000,0,0.0000,1
MS00352,Subdoligranulum,Subdoligranulum_variabile,15,0.0000,0,0.0000,0,0.0000,8
MS00353,Sutterella,Sutterella_wadsworthensis,10,0.0000,0,0.0000,3,1.0000,7
MS00354,Turicibacter,Turicibacter_PC909,11,0.0000,0,0.0000,0,0.0000,7
MS00355,Ureaplasma,Ureaplasma_urealyticum,1,0.0000,0,0.0000,0,0.0000,0
MS00356,Veillonella,Veillonella_oral_taxon_780_F0422,0,0.0000,1,0.0000,0,0.0000,0
MS00357,Veillonella,Veillonella_atypica,2,0.5000,2,0.0000,4,0.5000,7
MS00358,Veillonella,Veillonella_dispar/Veillonella_parvula,8,0.5000,7,0.7143,13,0.7692,12
MS00359,Victivallis,Victivallis_vadensis,4,0.0000,0,0.0000,0,0.0000,1
MS00360,Xanthomonas,Xanthomonas_campestris,0,0.0000,0,0.0000,0,0.0000,0
MS00361,Xanthomonas,Xanthomonas_perforans/Xanthomonas_campestris/Xanthomonas_fuscans/Xanthomonas_axonopodis,0,0.0000,0,0.0000,0,0.0000,0
MS00362,Xenorhabdus,Xenorhabdus_nematophila,0,0.0000,0,0.0000,0,0.0000,0
MS00363,Xenorhabdus,Xenorhabdus_bovienii,0,0.0000,0,0.0000,0,0.0000,0
MS00364,Yersinia,Yersinia_bercovieri,0,0.0000,0,0.0000,0,0.0000,0
MS00365,Yersinia,Yersinia_aldovae,0,0.0000,0,0.0000,0,0.0000,0
MS00366,Yersinia,Yersinia_rohdei,0,0.0000,0,0.0000,0,0.0000,0
MS00367,Yersinia,Yersinia_intermedia,0,0.0000,0,0.0000,0,0.0000,0
MS00368,Yersinia,Yersinia_kristensenii,0,0.0000,0,0.0000,0,0.0000,0
MS00369,Yersinia,Yersinia_mollaretii,0,0.0000,0,0.0000,0,0.0000,0
MS00370,Yersinia,Yersinia_ruckeri,0,0.0000,0,0.0000,0,0.0000,0
MS00371,Yersinia,Yersinia_frederiksenii,0,0.0000,0,0.0000,0,0.0000,0
MS00372,Yersinia,Yersinia_enterocolitica,0,0.0000,0,0.0000,0,0.0000,0
MS00373,Yersinia,Yersinia_pseudotuberculosis/Yersinia_pestis,0,0.0000,0,0.0000,0,0.0000,0
